ID,Gender,Age,Education,SN1,SN2,SN3,SN4,ATT1,ATT2,ATT3,ATT4,PBC1,PBC2,PBC3,PBC4,INT1,INT2,INT3,INT4,BEH1,BEH2,BEH3,BEH4
1,Female,38,4,3,3,3,3,3,3,4,3,3,3,3,3,3,3,2,2,2,2,3,3
2,Male,37,4,2,3,3,3,2,2,2,2,3,3,2,2,2,2,2,2,2,2,2,1
3,Male,53,1,2,1,2,2,3,3,2,3,4,4,3,4,3,3,2,3,4,3,3,4
4,Female,53,2,3,2,3,3,4,4,4,5,2,2,2,2,3,4,3,3,3,2,3,3
5,Female,50,3,2,3,2,2,2,2,2,2,3,2,3,3,3,2,2,2,3,3,3,3
6,Female,29,3,3,3,3,3,3,3,3,3,3,2,3,3,3,3,3,3,3,3,2,3
7,Female,38,3,3,3,4,4,2,1,2,2,2,2,3,2,2,2,2,3,3,2,2,3
8,Female,20,2,4,4,4,4,4,3,4,4,3,3,3,3,4,4,4,4,4,4,4,4
9,Female,23,1,1,3,2,2,2,2,2,2,1,1,2,1,1,2,1,1,1,1,1,1
10,Female,47,2,4,4,4,4,3,3,3,3,4,3,4,4,3,4,3,3,3,4,4,4
11,Female,58,4,4,4,4,4,4,4,4,4,2,3,3,3,5,4,4,4,3,4,4,3
12,Female,48,4,3,3,4,3,4,4,5,4,3,3,3,3,4,4,4,3,4,4,3,4
13,Male,59,2,4,4,5,5,2,3,2,2,1,2,1,1,2,2,3,3,3,2,3,2
14,Female,21,1,2,1,2,2,4,3,3,3,1,2,2,2,3,2,2,2,3,2,2,2
15,Male,59,2,2,1,2,1,2,2,3,3,2,2,2,2,2,2,1,2,2,2,2,2
16,Female,60,1,2,2,2,2,4,4,4,4,2,2,2,2,3,4,3,3,3,3,3,3
17,Male,24,2,2,3,3,2,3,2,2,2,3,3,3,4,3,2,2,3,3,2,2,3
18,Female,55,3,2,2,2,2,2,3,3,2,2,2,2,2,2,2,2,2,3,2,2,2
19,Female,57,4,4,4,5,4,2,2,2,2,3,3,4,3,3,3,4,3,2,2,2,3
20,Male,27,2,2,2,2,2,3,3,3,3,3,2,3,2,2,3,2,3,3,2,2,2
21,Female,39,1,3,3,3,3,2,2,1,2,2,2,2,2,3,2,2,2,2,2,2,2
22,Male,24,4,3,3,3,2,3,3,4,3,4,3,3,3,4,4,4,3,3,3,2,3
23,Male,57,1,2,2,2,2,5,4,5,5,2,2,2,2,3,3,3,3,3,3,2,3
24,Male,52,2,4,4,4,4,5,5,5,5,4,4,4,4,5,5,5,5,4,4,5,4
25,Female,43,4,2,2,2,2,1,2,1,2,4,4,4,3,2,3,3,3,3,3,3,3
26,Male,23,1,1,1,2,1,4,4,4,4,3,3,2,3,2,2,2,3,2,2,3,2
27,Male,46,2,3,3,3,3,1,2,2,2,3,3,3,3,3,2,2,2,3,4,3,3
28,Male,36,2,5,4,4,4,3,3,3,3,3,3,3,3,4,3,4,4,3,4,4,4
29,Male,20,4,3,3,3,3,1,1,1,1,3,3,3,2,2,2,2,2,2,2,2,3
30,Female,18,1,1,1,1,1,3,4,4,3,3,4,4,4,3,3,3,3,4,3,4,3
31,Male,19,1,2,2,3,2,3,3,3,3,3,3,3,3,3,3,3,2,3,3,3,3
32,Female,34,2,2,1,2,1,2,3,3,2,4,3,3,3,3,3,3,2,3,3,3,3
33,Female,25,3,3,3,4,4,2,3,4,4,3,3,3,3,3,3,3,3,3,3,3,3
34,Female,39,2,2,2,2,2,2,3,2,2,2,2,2,3,2,2,3,2,2,2,2,2
35,Female,31,4,2,2,2,2,3,3,3,4,3,3,3,3,2,2,2,3,3,2,3,3
36,Female,44,1,3,3,3,3,3,3,3,3,2,2,2,2,2,3,2,3,3,3,3,3
37,Female,21,3,4,4,3,3,4,3,4,4,3,4,4,4,3,4,3,4,3,4,4,4
38,Female,56,2,4,4,5,4,2,2,2,2,3,3,2,3,3,3,3,2,3,3,3,2
39,Female,20,2,3,3,3,3,4,4,4,4,4,3,4,3,4,4,4,3,4,4,4,3
40,Female,23,1,2,2,2,2,2,1,2,1,4,4,4,4,2,2,2,2,3,2,3,3
41,Female,59,1,4,3,3,4,3,3,3,3,3,3,3,3,3,3,3,2,3,3,3,3
42,Female,29,2,4,3,4,4,3,3,3,3,3,4,3,4,4,4,3,3,3,4,4,3
43,Male,55,3,5,4,5,5,3,3,4,3,3,3,3,2,3,4,4,4,4,3,3,3
44,Female,48,3,4,4,5,5,2,2,2,2,4,3,4,3,3,3,3,3,3,3,3,2
45,Female,43,4,3,4,4,3,3,2,2,2,2,2,2,2,2,3,3,3,3,3,2,3
46,Male,33,2,3,2,2,2,2,2,2,2,3,3,3,3,2,2,2,2,1,2,2,2
47,Male,23,3,3,3,4,4,4,4,3,4,4,4,4,5,4,4,4,4,4,4,4,4
48,Female,30,1,2,3,2,2,4,3,3,3,2,2,3,2,3,2,3,3,3,3,3,3
49,Male,39,3,2,2,2,2,2,2,3,3,2,2,3,2,2,2,2,2,2,2,2,2
50,Female,52,2,3,2,2,3,4,3,3,3,3,3,3,3,3,3,4,4,4,4,4,4
51,Female,41,2,3,3,3,3,3,3,3,2,3,3,3,2,3,3,3,3,3,3,3,3
52,Female,23,2,3,2,3,2,3,3,3,3,1,1,1,1,2,1,2,2,2,1,2,1
53,Female,25,3,3,3,3,3,4,4,4,3,1,2,2,2,3,3,3,3,3,3,3,3
54,Female,35,2,4,3,4,4,3,3,3,3,3,3,3,3,4,4,3,4,3,3,3,4
55,Female,47,1,3,3,3,3,3,4,3,4,3,2,4,2,4,3,4,4,3,3,3,4
56,Female,28,2,3,3,3,3,3,2,3,3,4,4,4,5,4,4,3,3,4,4,4,3
57,Male,38,1,4,4,4,4,3,3,3,4,4,4,4,3,4,4,5,4,4,3,4,3
58,Male,18,3,3,4,4,4,3,3,3,3,4,4,4,4,3,3,4,4,3,4,4,4
59,Male,40,3,3,4,3,3,3,2,2,2,4,4,3,3,3,3,3,3,3,3,3,3
60,Female,31,4,2,2,2,2,3,3,3,3,3,3,3,3,2,2,2,3,2,2,2,2
61,Male,59,1,2,2,1,2,4,4,3,3,3,3,3,2,3,3,3,3,3,3,3,3
62,Male,35,4,3,2,3,2,3,3,3,3,3,3,4,3,3,3,3,3,3,3,3,3
63,Female,39,1,2,2,1,2,4,5,5,5,4,4,4,4,4,4,4,4,3,4,4,4
64,Male,21,1,1,1,2,1,3,3,3,2,4,3,4,4,2,2,2,2,3,3,3,3
65,Female,55,1,4,3,4,4,3,3,3,3,4,4,4,4,3,3,3,3,4,3,3,3
66,Female,56,4,3,4,4,3,3,3,3,3,4,4,4,3,4,3,3,3,3,3,4,4
67,Male,34,3,2,2,2,2,1,2,2,2,3,2,3,3,2,3,2,2,2,2,3,2
68,Male,54,4,5,5,4,5,4,3,4,4,1,2,2,2,3,4,4,3,3,3,4,3
69,Female,29,2,3,2,2,2,4,4,4,4,3,2,2,2,3,2,3,3,3,2,3,2
70,Male,25,3,3,3,3,3,3,2,3,2,3,2,3,3,3,2,2,2,3,3,2,3
71,Female,35,2,2,2,3,2,5,5,4,5,2,1,1,1,3,3,3,3,3,2,3,3
72,Male,33,2,4,4,4,4,3,3,2,2,3,3,3,3,3,3,3,3,3,3,4,4
73,Male,41,1,2,2,1,2,4,4,4,3,4,3,4,3,3,3,3,3,3,4,4,3
74,Female,32,1,2,1,2,2,2,2,2,3,4,4,4,4,3,2,2,3,2,2,3,3
75,Female,28,3,4,3,4,4,4,4,3,4,2,3,2,2,4,4,4,4,3,3,3,2
76,Male,20,3,3,3,3,3,1,1,2,1,3,2,2,3,2,2,2,2,3,2,3,3
77,Male,48,3,3,3,3,3,4,4,3,4,4,3,3,4,3,3,3,3,3,3,4,3
78,Male,25,2,3,3,3,3,3,3,2,3,4,4,4,4,3,3,3,3,3,3,3,4
79,Male,52,4,3,3,3,3,4,3,4,4,3,2,3,3,3,3,3,3,3,3,3,3
80,Female,56,1,5,5,4,5,2,2,2,2,2,2,2,2,3,3,3,3,2,3,3,3
81,Female,37,3,4,4,4,4,4,3,3,4,5,4,4,4,4,4,4,4,4,4,3,4
82,Female,40,1,4,3,3,3,3,3,3,3,3,3,2,3,2,3,3,3,3,3,3,3
83,Male,50,2,3,3,3,3,3,3,3,3,3,4,3,3,3,3,3,3,3,3,3,3
84,Female,52,1,4,4,4,3,3,3,3,3,3,3,2,3,4,3,3,3,4,3,3,4
85,Female,51,3,2,2,2,2,3,3,3,3,3,3,3,2,3,3,3,3,3,3,3,3
86,Male,46,2,3,4,4,4,4,3,3,3,3,3,3,4,3,4,4,3,4,4,3,3
87,Male,22,1,2,3,3,3,1,1,2,2,3,2,2,3,2,2,2,2,2,2,2,2
88,Female,31,3,3,2,3,3,3,3,3,3,2,2,2,2,3,3,3,3,3,2,2,2
89,Female,38,1,3,4,3,4,4,4,4,4,3,3,3,3,3,4,4,3,4,4,4,4
90,Female,51,1,3,2,3,4,4,4,4,4,3,3,4,3,4,4,4,4,4,4,4,3
91,Female,37,1,3,3,3,3,5,4,5,5,3,2,3,3,4,4,4,4,4,4,4,4
92,Male,48,4,3,3,3,3,2,2,2,2,1,2,1,1,1,1,1,2,2,2,2,2
93,Female,21,4,4,3,3,4,3,3,3,3,4,4,4,4,4,3,3,3,4,3,3,3
94,Female,28,4,4,5,4,5,3,3,3,2,3,3,3,4,3,3,3,3,4,4,4,4
95,Male,52,3,2,2,3,2,2,2,2,2,3,2,2,2,2,3,3,3,2,2,2,2
96,Male,59,4,1,1,1,1,2,2,2,3,3,2,3,3,2,2,2,2,2,2,2,2
97,Female,18,4,2,1,1,2,2,3,2,2,2,3,2,2,2,1,3,2,2,2,2,2
98,Female,40,2,5,5,5,5,4,4,4,3,3,3,3,3,4,4,4,4,4,4,4,4
99,Male,36,1,4,4,4,4,4,4,4,4,4,3,3,3,4,4,4,5,4,4,4,4
100,Female,44,4,2,3,2,3,4,4,3,4,2,2,2,2,3,3,2,2,2,2,2,2
101,Female,46,2,5,4,4,4,5,4,5,5,4,4,4,4,5,5,5,5,4,5,4,4
102,Female,47,1,4,4,4,4,3,3,2,2,4,4,5,5,5,4,4,4,4,4,4,4
103,Female,56,4,2,2,2,2,3,3,3,3,4,4,4,4,3,3,4,3,4,3,3,4
104,Female,53,3,4,4,4,4,3,3,3,3,3,3,3,2,3,3,4,3,3,3,3,3
105,Female,56,3,3,3,3,3,3,4,4,3,2,2,2,2,3,3,3,3,3,2,2,2
106,Female,32,4,5,4,4,4,2,2,2,2,3,2,3,2,3,3,3,3,3,3,3,3
107,Male,38,4,3,4,3,4,4,4,3,3,4,3,3,3,4,4,4,4,4,3,3,3
108,Female,23,1,3,3,3,3,4,4,4,4,2,2,2,2,3,3,3,3,3,2,3,3
109,Female,54,1,3,4,3,4,4,3,3,3,3,4,4,4,4,3,3,3,3,3,3,3
110,Female,45,3,2,3,3,3,3,3,4,4,3,3,3,3,4,3,3,3,3,3,3,3
111,Male,52,3,3,3,3,3,2,2,2,2,3,4,3,4,2,3,3,3,3,3,3,3
112,Female,39,1,4,4,5,4,3,4,4,3,4,4,4,4,4,4,4,4,4,3,4,4
113,Female,25,3,3,3,3,3,3,2,3,3,2,2,2,2,3,2,3,3,3,3,3,2
114,Male,56,2,3,4,4,3,3,3,2,2,3,4,3,3,3,3,3,3,3,3,3,3
115,Male,41,2,4,3,4,4,2,2,2,2,3,3,2,3,2,2,3,3,2,3,3,3
116,Female,43,1,2,2,2,2,3,4,3,3,3,4,4,4,3,3,3,3,2,3,3,3
117,Male,60,3,2,3,2,3,3,2,3,3,3,3,3,2,2,3,3,3,3,2,2,3
118,Male,57,1,4,3,4,4,4,4,4,4,3,3,3,2,4,3,4,4,4,3,3,4
119,Male,18,4,4,4,4,4,3,3,3,3,3,3,3,3,3,3,3,3,3,3,3,3
120,Female,39,1,1,2,2,2,2,3,3,2,3,3,3,3,2,2,2,2,3,2,2,2
121,Female,21,2,3,3,3,3,2,2,3,2,3,3,1,3,2,2,2,2,2,3,2,3
122,Female,57,3,4,3,4,4,3,3,3,3,3,3,3,3,4,4,4,4,4,3,4,4
123,Male,26,4,3,2,2,2,3,3,3,3,3,3,3,3,3,3,3,3,3,3,3,4
124,Male,19,1,2,1,2,2,4,3,3,3,3,3,3,3,3,3,2,2,3,3,3,3
125,Male,34,4,3,3,3,4,3,4,4,3,3,3,4,3,4,4,4,4,3,3,4,4
126,Male,52,4,4,4,4,4,2,2,2,2,3,3,3,3,4,4,3,3,3,3,3,3
127,Female,57,4,4,4,4,4,3,3,3,3,2,2,2,2,3,3,3,3,2,3,3,3
128,Male,21,1,3,4,3,3,2,3,2,2,3,4,4,3,3,3,3,3,3,3,3,3
129,Male,20,2,3,3,3,2,3,2,3,3,2,3,2,3,2,2,2,3,2,3,3,2
130,Male,25,1,3,3,3,3,2,2,1,2,4,3,3,4,3,3,3,3,3,3,3,3
131,Male,42,1,5,5,5,5,2,2,2,2,3,2,3,3,4,3,4,3,2,3,3,4
132,Male,20,4,1,1,1,1,4,4,4,3,3,3,3,3,2,3,3,3,3,2,3,2
133,Male,51,4,3,3,3,3,4,3,3,3,3,3,3,3,3,3,3,3,3,3,4,3
134,Male,46,1,3,3,3,2,3,3,3,3,3,4,3,3,3,3,4,3,3,4,4,4
135,Male,47,3,3,3,3,4,5,4,4,5,3,3,3,3,4,4,4,4,4,4,4,3
136,Male,23,3,3,3,3,3,4,3,3,3,2,2,2,2,2,3,2,3,3,3,2,3
137,Male,57,3,3,3,4,4,2,2,2,2,3,3,3,3,2,2,3,2,3,3,4,3
138,Female,28,3,3,3,3,2,3,3,4,3,3,3,3,3,3,2,3,3,3,3,3,3
139,Male,56,2,2,2,2,3,4,4,3,4,2,3,2,2,2,2,2,3,2,2,2,2
140,Female,26,3,3,3,3,3,4,4,4,4,3,2,2,3,4,3,3,4,3,3,3,3
141,Male,37,3,3,3,3,2,3,3,3,3,3,3,3,3,3,3,3,3,3,3,3,3
142,Male,27,2,2,2,3,2,3,3,3,4,2,2,2,2,3,2,2,3,2,3,3,3
143,Female,39,2,2,3,2,2,1,2,2,2,2,3,3,2,2,2,2,2,3,2,3,3
144,Male,38,2,2,3,3,3,4,3,2,4,2,2,2,2,3,2,2,3,2,2,2,2
145,Male,49,1,2,2,3,3,3,3,3,3,2,2,2,2,3,2,2,3,3,2,2,2
146,Female,18,2,3,3,3,3,2,2,2,1,4,4,4,4,3,3,3,3,3,4,3,3
147,Female,27,3,2,2,2,2,3,4,3,4,2,2,2,2,3,3,2,3,2,2,3,2
148,Male,35,3,5,5,5,4,2,3,3,3,3,3,4,3,4,3,3,4,4,4,4,3
149,Male,31,2,3,2,2,3,3,3,3,3,4,4,5,5,3,3,4,3,4,3,3,4
150,Female,50,1,3,2,3,3,1,1,1,1,4,3,4,3,2,2,2,2,2,2,2,2
151,Female,50,3,3,4,4,4,3,3,3,3,3,3,3,3,3,3,3,3,3,3,3,3
152,Male,27,4,4,4,4,4,3,3,2,2,3,3,3,3,3,3,3,3,4,3,3,4
153,Male,22,3,3,3,4,3,4,5,5,4,2,2,2,2,4,4,4,4,4,3,3,4
154,Male,43,4,5,5,5,5,2,3,3,3,4,4,4,4,4,4,4,4,4,3,4,4
155,Male,56,4,4,4,4,4,4,4,4,3,3,2,3,3,3,3,3,3,3,3,3,3
156,Female,23,3,3,3,4,4,3,3,3,3,4,4,4,4,3,4,4,4,3,4,4,4
157,Male,19,2,3,3,3,3,3,3,3,4,2,2,2,2,3,2,3,3,2,2,3,3
158,Male,54,4,3,3,3,2,2,1,3,2,3,3,3,3,2,2,2,3,3,3,3,3
159,Male,27,4,4,3,3,3,3,3,4,4,3,4,4,3,4,3,3,3,3,3,3,4
160,Male,36,3,5,5,5,5,3,3,2,3,3,3,3,3,4,4,3,3,4,3,3,4
161,Female,50,3,3,3,3,4,4,4,3,4,3,3,3,4,3,4,3,3,4,3,4,4
162,Male,60,4,2,2,2,2,4,4,4,4,2,2,2,3,3,3,2,3,3,3,3,2
163,Female,28,3,3,2,2,2,2,3,2,2,3,3,3,3,2,2,3,2,2,2,2,3
164,Male,44,1,4,4,4,3,3,3,3,3,2,3,2,3,3,3,3,4,4,3,4,4
165,Male,47,1,3,3,3,3,3,3,4,3,3,3,4,3,3,4,3,4,4,3,4,4
166,Male,40,3,4,3,4,4,3,3,4,3,3,2,3,3,4,4,4,3,3,4,4,3
167,Female,35,3,3,3,3,3,3,3,3,3,1,1,1,1,2,2,2,3,2,2,2,2
168,Female,60,4,3,2,3,3,2,2,2,2,2,3,3,3,2,2,2,2,2,2,2,3
169,Male,34,2,1,2,2,2,3,3,3,2,3,3,4,4,1,2,2,2,3,2,2,3
170,Female,39,1,3,3,3,2,3,3,3,3,2,3,2,3,3,3,2,3,3,3,3,3
171,Female,40,3,2,3,3,3,2,2,2,3,3,3,3,3,3,2,2,1,2,2,2,2
172,Male,30,4,3,4,4,3,4,4,3,4,2,2,2,2,3,3,3,3,3,3,3,3
173,Female,52,4,3,3,3,3,3,3,3,3,2,3,2,2,2,2,2,2,3,2,2,3
174,Male,23,4,3,3,3,4,4,4,3,4,2,3,2,2,3,3,3,3,3,3,3,3
175,Male,35,4,3,3,3,3,3,2,2,3,3,3,4,4,3,3,3,3,2,3,3,3
176,Female,43,1,3,3,3,3,3,2,2,2,3,3,3,3,3,3,3,3,3,3,3,3
177,Male,44,2,2,2,2,2,3,4,3,3,4,4,4,3,3,3,4,3,3,4,3,4
178,Male,21,4,4,3,4,3,2,3,3,3,3,3,4,3,4,3,3,3,4,3,3,3
179,Male,40,4,3,3,3,3,3,3,3,3,4,4,4,4,3,3,3,4,3,3,4,4
180,Male,28,3,4,4,4,4,3,3,3,3,4,3,4,4,4,4,5,4,4,4,4,4
181,Female,29,2,4,4,4,3,3,3,2,2,3,3,4,3,3,3,3,3,3,4,3,3
182,Male,60,2,5,5,5,5,2,2,2,2,3,2,3,3,3,3,3,3,3,3,3,3
183,Female,60,1,3,2,2,2,3,2,3,2,3,3,3,3,2,2,2,2,3,3,3,3
184,Male,60,1,3,3,3,3,3,3,3,3,3,3,4,4,3,3,3,3,3,3,3,3
185,Female,21,1,3,3,3,4,4,4,5,4,3,3,2,3,4,3,4,4,4,3,4,4
186,Male,50,3,3,3,3,3,3,3,3,3,1,2,2,1,2,3,2,2,3,1,2,2
187,Male,48,3,3,3,2,3,2,2,2,2,2,2,2,2,2,2,2,2,2,2,2,2
188,Female,32,4,3,3,3,3,5,5,5,5,3,4,3,4,5,4,4,4,4,4,4,4
189,Male,49,2,1,2,2,1,1,1,1,1,5,4,4,5,2,2,2,2,3,3,3,3
190,Male,34,2,2,2,3,2,3,3,3,3,4,4,3,4,3,3,2,3,3,3,3,3
191,Female,18,2,3,3,3,3,5,5,5,5,3,4,3,3,4,4,4,5,4,4,3,3
192,Female,31,1,3,3,3,4,3,3,3,3,3,3,3,3,3,3,2,3,4,3,3,3
193,Female,25,2,4,3,3,3,5,4,4,5,2,2,2,2,4,3,3,4,3,3,3,3
194,Male,54,1,3,3,3,3,3,3,3,3,3,3,3,4,3,2,3,2,3,3,3,3
195,Male,23,4,3,3,3,3,4,3,4,3,3,3,4,3,4,3,3,4,4,4,4,3
196,Male,59,4,2,3,3,3,2,3,2,2,2,3,3,3,3,2,2,3,2,3,3,2
197,Female,51,4,4,4,4,4,2,3,2,3,2,3,2,3,4,3,4,4,3,4,3,4
198,Female,48,2,3,3,3,2,3,3,3,3,2,2,2,2,3,3,2,3,2,3,3,3
199,Female,31,2,2,3,2,1,3,3,3,3,3,4,4,4,3,3,3,3,3,3,3,4
200,Male,43,1,4,3,4,4,2,3,2,3,3,2,2,2,2,3,3,2,2,3,3,2
201,Male,44,1,2,3,3,2,3,3,4,4,3,2,3,3,3,3,2,2,2,2,3,2
202,Female,39,4,3,3,3,3,3,2,3,3,3,4,3,3,3,2,2,3,3,3,3,3
203,Female,26,3,4,4,4,4,2,2,2,2,3,3,3,3,3,3,3,3,3,3,3,3
204,Male,56,4,4,4,4,4,4,4,4,4,4,4,4,4,4,4,4,4,4,4,4,4
205,Female,31,4,3,3,4,4,3,3,3,2,5,5,5,5,4,4,4,3,4,4,4,4
206,Female,57,4,4,5,4,4,3,2,3,3,5,5,4,4,4,4,5,4,4,5,4,5
207,Female,55,3,3,4,3,4,3,3,3,4,3,2,3,3,3,3,3,3,3,2,3,2
208,Female,20,3,3,3,3,3,3,3,3,3,3,3,3,3,3,3,3,3,4,3,3,3
209,Female,30,1,4,4,3,3,2,1,2,2,2,2,2,3,2,2,2,2,2,2,3,2
210,Female,41,4,2,2,2,2,3,3,3,3,4,4,4,4,3,3,3,2,3,4,3,3
211,Male,39,2,3,3,2,2,3,2,2,3,4,4,4,4,3,3,3,3,4,4,4,3
212,Male,50,1,4,4,3,3,2,2,2,3,4,4,4,5,4,4,3,4,3,4,3,4
213,Female,53,2,2,2,2,2,4,4,3,4,2,2,2,2,3,3,2,2,3,3,3,3
214,Female,49,4,3,3,4,3,5,4,4,4,3,3,3,3,4,3,4,4,4,3,4,3
215,Male,39,2,5,5,5,5,2,2,2,2,4,4,4,4,4,4,3,4,4,4,4,4
216,Male,60,3,3,3,3,3,3,3,3,4,3,3,4,3,4,3,4,3,3,3,3,3
217,Male,52,2,4,5,4,4,3,3,2,3,3,3,2,2,3,3,3,3,3,3,2,3
218,Female,36,2,2,3,3,3,1,1,1,1,5,5,4,5,2,2,1,2,3,3,3,3
219,Male,23,1,2,2,2,2,3,4,3,3,2,3,3,2,3,2,2,2,2,2,2,3
220,Male,38,3,4,3,3,3,3,3,3,2,3,2,3,4,3,3,3,4,3,3,4,3
221,Female,27,2,4,5,4,4,2,2,2,2,3,3,3,4,3,3,2,2,3,3,2,3
222,Male,18,4,5,5,5,5,3,2,3,2,2,2,2,2,3,4,3,3,2,2,3,2
223,Female,36,3,2,2,2,2,5,5,5,4,3,3,4,3,3,4,3,3,4,3,3,3
224,Male,41,4,4,4,4,4,3,3,3,3,4,3,4,5,3,3,4,3,4,3,3,3
225,Male,28,1,4,3,3,3,3,3,3,3,4,4,4,5,3,3,3,4,4,4,4,3
226,Male,42,4,5,5,5,5,2,1,1,2,2,2,2,2,3,2,2,2,2,2,2,2
227,Male,30,2,2,2,1,1,4,4,5,4,3,2,2,2,3,3,3,3,3,2,3,3
228,Male,22,2,2,3,2,2,4,4,4,4,3,3,3,3,4,3,4,4,4,3,4,3
229,Male,38,2,2,2,2,2,3,3,4,3,4,4,3,4,2,3,3,3,3,2,3,3
230,Male,42,2,3,3,3,3,2,1,2,2,3,2,2,2,2,2,2,2,2,2,2,2
231,Female,56,4,3,2,2,2,4,3,4,4,3,3,3,4,4,3,3,3,3,3,3,3
232,Female,44,4,3,4,4,4,3,3,3,3,2,2,2,3,3,2,3,3,2,3,3,4
233,Female,36,2,4,4,4,4,2,2,2,2,3,4,4,3,3,3,3,4,3,3,3,3
234,Male,23,1,3,2,2,2,2,2,2,2,3,2,3,3,2,2,2,3,3,2,2,2
235,Female,32,2,4,4,4,4,3,3,3,3,3,2,3,3,4,3,3,3,3,3,4,4
236,Female,37,1,4,4,4,4,3,4,3,4,5,5,5,5,5,5,4,5,5,4,4,4
237,Female,54,3,1,1,1,1,3,4,4,3,2,2,2,1,2,1,2,2,2,1,2,1
238,Female,49,2,4,4,5,4,3,3,4,3,2,1,2,2,3,3,3,3,2,3,3,3
239,Male,55,3,4,3,3,4,3,4,4,4,3,3,4,4,4,4,4,4,4,4,4,4
240,Male,40,3,2,3,3,3,3,3,3,3,4,4,4,4,4,3,3,3,4,3,4,4
241,Male,57,4,2,3,3,2,4,4,4,4,3,3,3,3,3,3,4,3,3,3,3,3
242,Female,52,1,3,4,3,3,3,4,3,3,3,3,3,3,3,4,3,3,3,3,3,3
243,Male,21,4,2,2,2,1,2,3,3,2,3,4,4,4,2,2,2,3,3,3,4,3
244,Male,41,3,3,3,3,3,2,2,2,3,3,4,3,4,3,3,2,2,3,2,3,3
245,Male,53,2,4,4,4,3,3,3,3,3,3,2,3,2,2,3,3,3,3,3,3,2
246,Male,24,3,4,4,4,4,4,4,4,4,4,4,4,4,4,4,4,4,4,4,4,4
247,Male,39,2,4,3,3,3,3,3,3,4,1,3,2,2,3,3,3,3,2,3,3,3
248,Male,50,4,3,4,4,3,3,3,4,3,2,2,2,2,3,3,2,3,2,2,2,3
249,Male,54,1,3,3,2,2,3,3,3,3,4,3,4,4,3,3,3,3,3,3,3,3
250,Female,31,3,4,3,3,3,3,3,3,3,4,4,3,3,4,3,4,4,3,3,4,4
251,Male,55,1,4,4,4,5,5,4,5,4,3,3,3,4,5,5,5,5,4,4,3,4
252,Female,44,1,2,3,3,2,4,2,3,3,4,4,3,4,2,3,3,3,4,4,3,3
253,Male,19,1,3,3,3,3,5,5,4,5,3,3,3,4,4,4,5,4,4,4,4,4
254,Male,52,2,3,3,3,3,3,4,3,3,2,2,1,2,3,2,3,2,3,3,3,3
255,Male,57,2,4,4,3,4,3,3,4,4,2,1,1,2,3,3,3,3,2,3,2,3
256,Male,28,4,3,3,3,3,5,4,4,4,4,3,3,3,3,3,4,4,4,3,4,4
257,Female,32,1,2,2,2,2,2,1,1,1,4,4,4,4,2,2,2,2,3,2,3,3
258,Female,20,3,4,4,4,4,2,1,2,2,4,3,3,3,3,3,3,3,3,3,3,4
259,Male,29,4,2,3,3,3,4,3,3,4,4,4,4,4,4,3,4,3,3,4,4,4
260,Female,52,1,2,2,2,2,3,2,2,3,2,2,2,2,2,2,2,2,2,2,2,2
261,Male,38,3,3,3,4,3,3,3,2,3,3,4,4,3,3,3,3,3,3,3,3,3
262,Male,59,4,2,3,2,2,3,3,3,3,3,3,2,3,2,2,2,2,3,2,3,3
263,Female,37,3,4,4,4,4,4,4,4,4,2,2,2,2,3,3,3,3,3,3,3,4
264,Female,59,1,1,1,2,1,3,2,2,2,3,3,3,3,1,1,1,2,2,2,2,2
265,Male,39,2,3,3,3,3,3,4,3,4,3,3,3,3,3,3,3,4,3,3,4,3
266,Male,25,3,1,2,2,2,4,4,4,4,3,3,3,4,3,3,3,2,3,3,3,3
267,Male,24,4,2,2,2,1,4,4,4,4,3,3,3,3,3,2,3,3,3,3,3,3
268,Male,21,3,2,2,1,1,3,2,3,2,4,4,4,4,3,2,2,2,3,3,3,3
269,Female,59,1,4,4,4,4,3,3,3,3,3,3,3,3,4,3,3,3,4,3,3,3
270,Female,51,3,4,4,4,4,4,4,4,4,3,2,3,3,4,4,4,4,3,3,4,3
271,Female,55,2,4,4,5,5,4,4,4,4,3,3,2,2,4,4,4,4,3,3,3,4
272,Male,58,2,4,3,4,4,4,4,4,4,2,2,2,2,3,3,3,3,3,3,3,3
273,Female,33,4,4,4,4,4,4,4,4,3,2,2,2,3,3,3,3,3,3,3,3,2
274,Male,57,1,3,3,3,3,4,3,4,4,4,3,4,3,3,4,3,4,3,3,3,4
275,Male,50,4,3,3,2,2,5,3,4,4,2,2,2,2,3,3,3,3,3,3,3,4
276,Male,57,2,3,3,3,3,3,2,3,3,2,2,3,3,3,3,3,2,3,3,3,3
277,Female,36,3,2,3,3,3,4,4,4,4,3,2,2,2,3,3,4,3,2,3,3,2
278,Male,33,4,4,4,4,4,3,3,3,3,3,3,3,3,3,3,4,3,3,3,3,3
279,Male,20,1,1,1,1,1,3,3,3,3,2,2,2,2,2,2,2,2,2,3,2,2
280,Female,50,1,2,2,3,1,3,3,3,3,2,1,2,1,2,2,2,2,2,1,2,2
281,Female,36,4,3,3,3,3,3,2,2,2,2,2,2,2,2,2,2,3,2,2,2,3
282,Male,44,3,3,3,3,3,2,2,2,1,2,3,3,3,2,3,2,3,2,3,2,3
283,Male,28,4,2,2,2,2,4,3,3,3,3,2,3,3,3,2,2,3,2,3,3,3
284,Female,25,2,2,2,2,2,4,3,4,4,3,3,3,3,3,3,3,3,3,3,4,3
285,Male,23,1,3,3,4,3,3,3,3,3,1,2,1,1,3,2,3,3,3,3,2,3
286,Female,22,3,4,4,4,4,3,2,2,2,2,2,2,2,3,3,3,3,4,3,3,3
287,Female,54,4,2,2,2,2,3,3,3,4,5,4,4,4,3,2,3,3,4,3,3,3
288,Female,60,1,3,3,3,3,3,2,3,2,4,4,3,4,3,3,3,3,3,3,3,3
289,Male,54,3,4,4,3,4,2,2,2,2,2,2,2,2,2,3,3,2,3,3,3,2
290,Female,58,3,2,2,2,2,3,3,3,2,3,3,3,2,3,2,3,2,3,3,2,3
291,Female,58,2,2,2,2,2,2,3,3,2,3,3,2,3,2,2,3,2,2,2,2,2
292,Male,55,2,4,4,3,3,4,3,3,4,4,4,4,4,4,4,3,4,4,4,4,4
293,Female,24,2,3,3,3,3,5,4,4,5,3,3,3,3,3,3,3,3,4,3,3,4
294,Female,31,1,3,3,3,3,4,3,3,4,3,3,3,3,3,3,3,3,3,3,3,3
295,Male,54,1,2,2,2,1,2,2,3,2,2,2,1,1,2,3,2,2,2,2,2,2
296,Male,19,4,2,2,1,1,3,3,3,3,3,2,2,2,2,2,2,2,2,2,3,2
297,Female,54,3,3,4,3,3,3,3,3,4,1,2,2,1,3,3,3,3,2,3,3,3
298,Male,25,1,4,4,4,4,4,4,4,4,3,3,3,3,4,4,4,4,4,3,3,3
299,Female,45,3,4,4,4,4,3,3,3,3,3,3,3,3,4,3,3,3,3,3,3,3
300,Female,24,4,3,3,3,3,2,3,3,3,2,3,2,2,2,3,3,3,2,2,2,3
301,Male,20,3,1,2,2,1,4,4,4,5,3,3,3,3,3,3,3,3,3,3,2,3
302,Female,37,4,4,4,4,3,4,4,4,4,3,3,4,4,4,4,4,4,4,4,4,5
303,Female,39,1,4,3,4,4,4,4,4,3,3,3,3,3,3,4,3,4,3,3,4,3
304,Female,26,3,3,3,3,3,4,4,4,4,3,4,3,4,4,3,4,4,4,3,4,4
305,Female,44,4,2,2,2,3,2,3,3,2,3,3,3,3,3,3,3,3,2,3,3,3
306,Female,53,3,3,3,2,3,2,2,1,2,2,2,3,2,3,2,2,2,2,2,3,2
307,Male,51,3,2,2,2,2,4,4,4,4,4,4,4,4,3,3,3,3,4,4,4,4
308,Male,43,2,3,3,2,2,3,3,3,3,3,3,3,3,3,2,3,3,3,2,3,3
309,Male,42,3,3,3,3,3,3,3,3,3,3,3,4,3,3,2,3,3,3,4,3,3
310,Female,25,1,3,2,3,3,3,3,3,3,3,4,3,3,3,3,3,3,3,2,3,3
311,Male,29,4,3,3,2,2,4,3,4,3,4,4,3,4,3,3,3,3,3,3,3,3
312,Male,26,2,3,3,3,3,4,4,4,4,3,3,2,2,3,4,3,3,3,3,3,3
313,Female,32,3,3,3,3,3,3,3,3,3,3,3,3,3,3,3,3,3,3,4,3,4
314,Female,35,1,3,2,3,3,3,4,4,4,3,3,3,3,3,3,3,3,3,3,3,3
315,Male,26,1,3,3,3,3,3,3,2,2,3,4,4,4,4,4,4,4,3,3,4,4
316,Female,57,4,5,4,4,4,2,2,2,2,1,1,2,1,3,3,3,3,2,2,1,2
317,Female,44,3,3,2,3,2,4,3,4,4,4,3,3,3,3,3,4,3,3,3,3,3
318,Female,29,3,3,3,3,3,3,3,3,3,4,4,4,4,4,3,3,4,3,4,3,4
319,Male,51,3,4,4,5,4,2,2,2,2,1,1,2,2,3,3,3,2,2,3,3,2
320,Female,27,3,2,3,3,4,2,2,2,2,3,2,3,2,2,2,2,2,3,3,3,3
321,Male,24,1,4,3,3,3,2,2,2,3,3,4,3,4,3,3,3,3,3,3,3,3
322,Female,38,1,5,4,5,5,2,3,2,2,5,5,5,5,5,5,5,5,5,5,5,4
323,Female,19,4,4,4,4,4,4,4,3,3,4,4,4,4,4,4,4,4,4,3,4,4
324,Male,44,2,3,3,2,3,2,2,3,2,3,3,3,3,2,2,2,2,3,3,3,3
325,Female,31,3,2,2,2,3,3,2,2,3,3,2,3,2,3,2,2,2,2,3,2,2
326,Male,26,1,4,4,5,4,2,3,3,2,3,4,4,3,3,3,3,3,3,3,4,4
327,Female,59,4,2,2,2,2,3,3,3,3,2,3,2,3,2,2,2,3,3,2,2,2
328,Male,52,3,3,3,3,3,1,2,1,1,3,3,4,3,2,2,2,2,2,2,2,3
329,Male,42,4,3,3,4,3,3,3,3,3,1,2,2,2,3,3,3,3,3,3,3,3
330,Male,26,1,4,4,3,4,3,3,3,3,2,2,2,2,3,3,3,3,3,2,3,3
331,Male,33,3,3,3,3,3,4,4,4,4,3,3,3,4,3,4,4,3,3,3,3,3
332,Female,35,3,2,1,2,2,2,2,2,2,4,4,4,4,2,2,2,2,3,2,3,3
333,Male,60,4,2,3,2,3,4,4,4,4,5,5,5,5,4,4,4,4,5,4,4,4
334,Female,36,2,3,3,3,4,3,4,5,4,3,3,4,3,3,3,4,3,4,3,4,3
335,Male,54,3,3,4,4,3,4,3,4,4,2,3,3,3,3,3,3,4,3,3,3,3
336,Male,57,3,4,4,4,3,2,2,2,2,2,3,3,2,3,3,3,3,3,3,3,2
337,Male,58,3,3,4,3,3,3,3,3,3,3,4,4,3,3,3,3,3,3,3,3,3
338,Male,19,2,2,3,2,3,4,3,3,3,3,3,3,3,3,3,3,3,3,3,4,3
339,Female,40,3,2,2,2,2,4,3,4,3,2,2,2,2,3,3,3,3,2,2,2,2
340,Male,23,3,3,2,3,3,3,3,3,3,2,2,3,2,3,3,3,2,3,3,3,3
341,Male,31,4,3,3,3,3,2,2,2,2,2,2,2,2,2,2,2,3,2,2,2,2
342,Female,50,3,2,1,1,2,4,3,3,4,3,3,4,3,3,3,3,3,3,3,3,2
343,Male,20,4,4,3,4,4,2,2,2,2,3,3,3,2,2,2,2,2,3,3,2,2
344,Male,60,2,4,3,4,4,3,2,3,2,3,3,4,3,3,3,3,3,3,3,3,3
345,Female,29,2,3,3,3,4,3,2,2,2,3,3,3,3,3,3,4,3,3,3,3,3
346,Female,48,4,4,4,3,3,4,4,4,5,3,2,2,3,3,3,3,3,2,3,3,3
347,Male,28,2,3,3,3,2,4,5,4,4,3,2,2,2,3,3,3,3,2,3,2,2
348,Male,42,3,3,3,3,3,3,3,3,3,2,2,2,3,2,3,3,3,3,2,3,3
349,Female,22,1,2,1,2,2,3,2,3,3,3,3,3,2,2,2,2,2,2,3,2,3
350,Male,22,1,4,5,4,4,4,3,3,3,3,3,3,3,3,4,4,4,3,3,3,3
351,Female,46,4,2,2,2,2,4,3,4,3,3,2,3,2,3,3,2,2,3,3,2,3
352,Male,51,2,3,2,3,3,4,5,4,4,4,5,4,4,4,4,4,5,3,4,4,4
353,Female,46,1,4,4,4,4,3,3,3,3,3,3,3,3,3,4,4,4,4,3,3,3
354,Female,20,2,3,3,3,3,3,3,3,3,2,2,2,3,3,3,3,3,2,3,3,3
355,Female,57,4,2,3,3,2,2,2,2,1,2,2,2,2,1,2,1,1,1,2,2,2
356,Female,23,3,3,2,3,2,3,3,3,3,2,2,3,3,3,3,3,3,3,3,2,3
357,Male,60,4,3,4,3,3,3,2,2,3,3,4,4,4,3,3,3,4,3,3,4,4
358,Male,21,4,2,2,2,3,2,2,2,3,2,3,3,3,2,2,3,2,3,3,2,3
359,Female,18,2,4,4,4,3,4,4,4,3,3,3,2,2,4,3,4,3,4,3,3,3
360,Female,55,3,3,3,3,3,3,3,3,3,1,1,1,1,2,2,2,2,2,2,2,2
361,Female,18,3,4,4,3,4,2,1,2,2,2,2,2,2,2,2,2,2,3,2,2,2
362,Female,55,2,2,2,2,3,3,3,3,3,4,3,3,4,4,3,4,3,3,3,3,3
363,Male,52,4,2,3,2,2,4,3,4,4,3,3,3,3,3,4,3,3,3,3,3,3
364,Male,36,4,3,2,2,2,4,4,3,4,3,2,2,3,3,2,3,3,3,3,3,2
365,Female,22,2,2,3,2,2,5,4,4,4,4,4,5,4,4,4,4,4,4,4,4,4
366,Female,24,2,4,4,4,4,2,2,2,2,3,3,3,3,3,3,3,3,3,3,3,3
367,Male,56,4,3,3,3,3,3,3,3,3,2,3,3,2,2,2,2,2,2,2,2,2
368,Male,21,2,3,4,3,4,5,5,4,4,2,2,2,2,4,4,4,4,3,3,3,3
369,Female,53,1,3,2,2,2,4,3,4,4,2,2,2,2,3,3,3,3,3,2,2,3
370,Male,38,3,4,4,4,4,4,3,3,3,3,1,2,2,3,3,3,2,2,3,2,2
371,Female,56,2,4,3,4,4,3,3,3,3,3,3,3,3,3,3,3,4,4,4,3,3
372,Male,57,4,3,3,3,3,4,3,4,3,3,3,3,3,3,4,3,4,3,4,4,4
373,Male,41,1,4,5,4,5,2,2,2,2,3,3,3,3,2,3,3,2,2,3,3,2
374,Female,28,2,4,3,4,4,3,3,3,3,2,3,2,2,3,3,3,3,2,3,3,3
375,Male,45,4,1,2,2,2,3,2,3,3,1,2,2,2,2,2,2,1,2,2,2,1
376,Male,52,3,3,2,3,3,4,4,4,4,2,2,2,3,4,4,4,4,3,4,3,3
377,Female,55,3,4,4,4,4,3,3,3,3,3,2,3,3,4,3,3,4,3,3,3,3
378,Female,50,1,2,2,2,1,2,2,2,2,4,4,4,5,2,2,3,2,3,3,3,3
379,Female,53,2,3,3,3,2,3,3,3,2,4,4,4,4,3,3,3,4,4,4,4,3
380,Female,49,3,3,3,3,2,5,5,5,5,2,1,2,2,3,3,3,3,2,3,3,2
381,Male,58,4,2,2,2,2,3,3,3,3,4,4,4,4,3,3,3,3,4,3,4,4
382,Female,42,4,3,4,4,4,2,2,2,2,1,1,1,2,2,3,2,2,2,3,2,2
383,Male,36,4,3,4,3,3,4,4,4,3,3,2,2,2,4,4,3,4,3,3,3,3
384,Female,20,3,3,3,3,3,4,3,4,4,3,3,3,3,4,3,3,3,2,3,3,3
385,Male,54,3,4,4,4,4,3,2,3,3,3,3,3,3,4,3,3,3,3,3,4,3
386,Female,59,1,3,3,3,3,2,2,2,2,2,1,2,2,2,2,2,2,2,2,2,2
387,Female,20,3,3,3,3,3,2,3,3,3,4,3,3,3,3,3,3,2,3,4,3,4
388,Female,22,4,3,2,3,3,4,4,4,4,2,2,2,2,3,2,3,3,3,3,3,3
389,Male,36,2,3,3,3,3,3,3,3,3,3,3,3,3,3,3,3,3,3,3,4,3
390,Male,36,4,3,3,3,3,3,3,4,4,3,3,3,3,3,3,3,3,3,3,4,3
391,Male,57,2,3,3,2,2,4,4,4,5,2,2,2,2,3,3,3,3,3,3,4,4
392,Female,58,1,3,3,3,3,3,2,3,3,3,3,3,3,3,3,3,3,2,3,3,3
393,Female,25,3,3,3,3,3,3,3,4,3,2,2,2,2,3,3,3,3,3,2,2,3
394,Male,41,3,3,3,3,3,3,4,3,4,4,4,4,3,3,3,4,3,3,4,4,4
395,Female,28,1,4,4,3,3,3,3,3,2,4,4,3,4,3,4,3,4,4,4,4,4
396,Female,19,4,2,2,2,2,3,3,2,3,4,3,4,3,3,2,3,2,3,3,3,2
397,Female,43,4,4,3,4,3,3,3,4,3,3,2,2,2,3,3,3,3,3,3,3,2
398,Female,28,2,1,2,1,2,2,2,2,2,4,4,3,3,2,2,2,2,3,3,3,2
399,Male,56,1,3,3,3,3,3,3,3,3,2,3,3,2,3,3,3,4,3,2,3,3
400,Female,41,4,3,4,4,4,4,4,4,4,3,3,3,2,4,4,4,3,3,4,3,3
401,Male,58,2,3,3,3,3,1,2,1,2,2,2,2,2,2,3,2,2,2,3,2,3
402,Male,57,2,2,2,2,3,4,3,3,3,4,3,3,3,3,3,4,3,3,3,3,3
403,Male,30,3,3,3,3,2,2,3,2,2,4,4,3,4,3,3,3,3,3,3,3,3
404,Male,29,2,5,5,4,4,4,5,5,4,4,5,5,5,5,5,5,5,5,4,5,4
405,Male,38,3,1,1,2,1,2,2,3,3,2,2,3,2,2,2,3,2,2,2,2,2
406,Male,55,2,4,4,3,3,2,2,3,2,3,3,3,3,3,3,3,2,3,3,3,3
407,Male,30,3,4,4,3,4,2,3,2,3,1,2,2,1,2,2,2,2,2,2,2,2
408,Male,30,2,4,4,3,4,5,5,5,5,4,3,3,3,4,4,4,4,4,3,4,4
409,Female,53,1,2,3,2,3,3,3,4,3,5,5,5,5,3,3,3,4,4,4,4,4
410,Female,40,2,3,3,3,3,3,2,2,2,3,3,3,3,3,3,3,3,3,3,2,3
411,Male,30,3,3,3,4,3,2,2,2,2,2,3,2,2,2,3,3,2,3,2,2,2
412,Female,31,1,2,3,3,3,2,1,2,2,2,2,2,1,3,2,2,2,2,2,2,2
413,Female,21,3,3,3,3,3,4,4,3,4,4,5,4,4,4,4,4,4,4,4,4,4
414,Female,40,4,4,4,4,4,5,5,5,5,2,2,3,3,5,4,4,4,4,4,4,4
415,Male,19,2,3,4,3,3,4,4,4,5,3,3,3,3,4,4,4,4,3,3,4,4
416,Female,31,2,4,4,3,4,4,5,4,5,3,4,4,3,5,5,5,4,4,4,4,4
417,Female,33,4,2,2,3,3,3,3,3,3,3,3,3,3,3,3,3,3,3,2,3,3
418,Female,21,2,2,3,2,2,2,2,2,2,1,1,2,2,2,2,2,2,2,2,2,2
419,Female,31,1,2,3,4,3,4,4,4,4,3,4,3,3,3,3,4,3,3,3,3,3
420,Male,50,2,4,4,5,4,4,4,4,4,2,2,3,2,3,4,3,4,3,3,3,3
421,Male,39,2,3,2,3,3,3,3,3,3,2,2,2,2,2,2,2,3,2,2,2,2
422,Female,46,1,2,2,2,2,3,3,3,3,2,2,2,2,3,2,2,2,2,2,2,1
423,Male,24,2,3,4,4,3,3,3,3,2,3,4,4,3,3,4,3,3,3,4,3,4
424,Male,26,1,2,2,2,3,3,3,2,2,2,2,3,3,3,2,2,2,3,3,2,2
425,Male,54,1,3,2,3,3,2,2,2,2,3,3,3,3,3,3,3,3,2,3,3,3
426,Female,56,3,3,3,3,3,3,3,3,3,4,3,3,4,3,3,3,2,3,3,3,3
427,Female,25,1,3,4,3,4,4,4,3,3,2,2,2,2,3,3,3,3,3,3,3,3
428,Male,20,4,2,2,3,3,4,4,4,4,3,2,3,2,3,3,3,3,3,3,3,3
429,Female,34,3,2,2,2,2,4,4,4,3,2,3,2,2,2,2,2,2,3,3,3,3
430,Male,27,3,4,4,4,4,4,3,4,4,3,2,3,2,3,4,3,4,3,3,3,3
431,Male,43,4,3,4,4,3,2,2,3,2,3,4,3,4,3,3,3,3,3,3,3,3
432,Male,45,3,3,3,3,3,2,2,2,2,3,3,2,3,2,3,3,3,2,2,2,2
433,Female,28,3,3,3,3,3,2,3,2,2,3,3,3,2,3,3,3,3,3,3,2,3
434,Male,51,4,2,2,2,1,2,2,2,2,3,3,3,3,2,1,2,1,2,2,2,2
435,Male,45,3,3,3,2,2,3,4,3,3,3,3,3,3,3,3,3,3,3,3,3,3
436,Female,18,3,2,2,2,3,4,4,5,4,3,2,3,3,4,3,3,4,3,3,3,3
437,Male,24,4,4,3,3,3,1,2,2,2,3,3,3,3,3,2,3,2,3,3,2,2
438,Female,47,2,2,3,3,2,3,4,3,4,4,3,3,3,3,3,3,3,2,3,3,3
439,Female,37,4,2,2,2,3,4,4,4,4,2,2,3,3,2,3,3,3,3,2,2,3
440,Male,28,2,3,2,2,2,2,3,3,2,3,3,3,3,3,2,3,3,2,3,3,3
441,Male,41,2,3,2,3,2,2,1,2,2,4,3,4,3,2,2,2,2,2,2,2,3
442,Male,23,4,4,4,5,4,4,4,3,4,3,3,3,3,4,3,4,4,4,3,4,4
443,Female,45,2,2,1,2,2,3,4,4,4,2,1,2,2,3,3,3,3,2,3,3,2
444,Female,49,2,4,4,4,4,2,2,2,2,4,4,5,4,4,4,4,4,4,4,4,4
445,Female,32,1,3,3,3,3,4,4,4,4,3,3,3,3,3,3,3,3,3,3,3,3
446,Female,18,2,3,3,3,3,3,2,3,2,3,2,2,2,3,3,3,3,3,3,2,2
447,Male,42,2,3,3,3,2,3,3,4,3,3,3,4,3,3,3,3,3,3,3,2,3
448,Male,25,4,2,2,2,1,2,1,2,1,2,2,2,3,2,2,2,1,2,2,2,2
449,Female,28,3,3,4,4,4,3,3,3,2,2,2,2,2,2,2,2,2,2,3,2,3
450,Female,54,2,3,3,3,3,4,4,4,4,2,2,2,2,3,4,3,3,2,3,3,3
451,Male,35,2,4,4,3,4,3,3,3,3,4,4,4,3,3,3,4,4,4,3,4,3
452,Female,56,3,1,2,2,1,2,3,3,3,3,2,3,3,2,3,2,2,2,2,2,3
453,Male,20,4,3,3,3,3,3,2,2,2,3,3,3,3,3,2,2,2,3,2,2,2
454,Male,45,1,3,3,2,3,2,2,2,2,2,2,3,3,3,2,2,2,2,3,3,2
455,Male,59,3,3,3,3,3,4,3,4,4,1,1,1,1,2,2,3,3,2,2,2,2
456,Female,40,2,3,3,3,3,4,3,4,4,3,3,3,3,3,3,4,3,3,2,3,3
457,Male,29,1,5,5,5,5,2,2,2,2,2,3,2,2,3,3,3,3,3,3,3,3
458,Female,44,1,3,4,3,3,3,4,3,3,3,3,3,3,3,3,3,3,3,2,3,3
459,Male,31,1,3,2,3,3,4,4,4,4,3,3,3,3,3,3,3,2,3,3,3,3
460,Female,52,1,3,2,3,3,2,2,3,3,3,3,3,3,3,2,2,2,2,3,3,3
461,Male,30,3,2,2,2,2,4,5,5,4,2,3,2,3,3,2,3,3,3,2,3,2
462,Female,58,3,4,4,4,4,5,4,5,4,3,2,2,3,4,4,3,4,3,3,3,4
463,Female,43,1,3,3,2,3,1,3,2,2,3,3,3,3,2,2,2,2,2,3,2,3
464,Female,50,3,1,1,1,1,4,4,4,4,3,2,3,3,3,3,3,3,3,2,3,3
465,Male,37,1,2,3,3,3,3,3,3,3,4,4,4,4,3,3,3,3,4,4,3,3
466,Female,57,4,4,4,4,4,3,3,3,2,3,2,2,2,3,3,3,3,3,3,3,3
467,Male,59,2,3,3,3,3,3,3,3,4,4,4,4,5,4,4,4,4,4,3,4,4
468,Female,35,4,4,3,4,3,4,4,4,3,2,1,1,1,3,2,3,3,2,2,2,3
469,Female,51,2,2,2,2,2,3,3,3,4,2,3,3,3,4,3,3,3,3,3,3,3
470,Female,27,4,2,3,3,3,3,3,3,3,3,2,3,3,2,3,2,2,3,3,3,3
471,Male,42,2,3,3,3,3,2,3,2,3,3,2,2,3,3,3,3,3,2,3,3,3
472,Female,24,2,4,5,4,4,3,2,3,2,3,3,3,2,3,3,3,3,2,3,3,3
473,Male,39,4,4,3,3,4,4,3,4,4,3,3,3,2,4,3,3,4,3,3,3,3
474,Male,46,2,4,4,4,4,3,3,4,4,3,3,3,3,3,4,3,4,4,3,3,3
475,Male,52,3,4,3,3,3,2,3,3,3,3,3,3,3,3,3,3,3,3,3,3,4
476,Female,29,1,3,3,4,3,1,1,1,2,4,3,4,3,2,2,2,2,3,3,3,3
477,Male,53,3,4,3,4,4,3,3,4,3,4,4,4,4,3,3,4,4,4,3,4,3
478,Female,55,3,3,2,3,2,1,1,1,2,2,2,2,2,2,1,2,2,2,2,2,2
479,Male,54,4,2,1,2,2,2,3,3,3,2,2,2,2,2,2,2,2,2,2,2,2
480,Male,40,3,4,4,4,4,4,4,4,4,3,3,3,3,4,4,3,3,4,3,4,3
481,Male,26,2,2,2,2,2,2,1,2,1,4,4,4,4,2,3,2,2,3,3,3,3
482,Female,29,4,3,3,4,4,4,4,3,3,3,4,3,3,3,3,4,4,3,3,4,3
483,Male,20,4,3,2,2,3,3,3,3,3,4,4,4,5,3,4,3,3,3,4,4,4
484,Male,46,4,2,2,2,2,3,3,3,3,2,2,2,2,2,2,2,3,3,2,2,2
485,Male,60,4,2,2,3,2,3,3,3,3,3,2,2,3,2,3,3,3,3,3,3,3
486,Female,22,4,3,3,3,3,2,2,2,2,5,5,4,4,3,4,4,4,4,4,4,4
487,Female,31,4,4,3,4,3,2,3,3,2,4,3,4,4,3,3,3,3,3,3,3,3
488,Female,27,1,2,2,2,2,2,2,2,2,4,4,3,3,3,2,2,2,3,3,2,3
489,Male,44,2,2,3,3,2,2,2,2,2,3,4,4,3,2,3,3,2,3,3,3,2
490,Male,58,4,2,2,2,1,4,4,4,4,3,3,3,3,3,3,3,3,2,4,3,3
491,Female,27,3,3,3,3,3,2,1,2,1,4,3,4,4,3,3,3,2,3,3,3,3
492,Male,45,4,3,3,3,3,2,3,2,2,2,2,2,2,2,3,2,3,3,3,2,3
493,Female,33,1,3,3,3,3,3,3,3,3,2,3,3,3,3,2,3,2,3,3,3,2
494,Female,37,1,3,3,3,2,3,4,4,4,2,2,2,2,3,3,3,3,3,2,2,2
495,Male,33,4,2,3,2,2,3,3,3,3,4,4,4,4,3,2,3,3,3,3,3,3
496,Female,22,1,5,5,5,5,3,3,3,3,2,2,2,1,3,3,3,3,2,3,3,3
497,Male,43,1,2,2,2,2,3,4,4,3,2,3,3,2,3,3,3,3,3,3,3,3
498,Male,38,1,3,2,2,3,4,4,4,3,2,3,2,3,3,3,3,3,3,3,2,3
499,Female,31,3,3,3,3,3,3,3,4,4,3,2,2,3,3,2,2,3,4,3,3,3
500,Male,19,4,4,3,3,3,3,2,2,2,2,2,3,3,3,2,3,3,3,3,2,2